,_id,config.overwrite,config.db_collection,config.alpha,config.epsilon,config.kind,config.lineage_info,config.scale_cost,config.tp,config.seed,result.early_cost,result.late_cost,result.converged
0,1,1,celegans2,0.01,0.001,moslin,precise,mean,"[170, 210]",187668437,0.6381877653309802,0.7598431288669477,False
1,2,2,celegans2,0.01,0.001,moslin,abpxp,mean,"[170, 210]",808934089,1.4732941738669567,1.5639902353241002,False
2,3,3,celegans2,0.01,0.01,moslin,precise,mean,"[170, 210]",813578452,0.6711644351157783,0.6697811821762285,False
3,4,4,celegans2,0.01,0.01,moslin,abpxp,mean,"[170, 210]",433740411,1.5275462786375322,1.36082030504386,False
4,5,5,celegans2,0.01,0.05,moslin,precise,mean,"[170, 210]",904063735,0.6685673501121423,0.6607580490478308,False
5,6,6,celegans2,0.01,0.05,moslin,abpxp,mean,"[170, 210]",848205225,1.5209554270981827,1.3252846917710894,False
6,7,7,celegans2,0.01,0.1,moslin,precise,mean,"[170, 210]",804785776,0.6628727463544081,0.6541433120743425,False
7,8,8,celegans2,0.01,0.1,moslin,abpxp,mean,"[170, 210]",826121055,1.5169024827963984,1.3207167984454549,True
8,9,9,celegans2,0.01,0.5,moslin,precise,mean,"[170, 210]",139334610,0.6415798502185238,0.6353146206667454,True
9,10,10,celegans2,0.01,0.5,moslin,abpxp,mean,"[170, 210]",637585288,1.4742446479219298,1.2910852293292288,True
10,11,11,celegans2,0.1,0.001,moslin,precise,mean,"[170, 210]",895691536,0.6683248814898229,0.6649640207316628,False
11,12,12,celegans2,0.1,0.001,moslin,abpxp,mean,"[170, 210]",807769993,1.530560757532184,1.3607360381386997,False
12,13,13,celegans2,0.1,0.01,moslin,precise,mean,"[170, 210]",611185183,0.6567949795422281,0.6482556085006784,False
13,14,14,celegans2,0.1,0.01,moslin,abpxp,mean,"[170, 210]",862249403,1.5159042347495761,1.318990885322947,True
14,15,15,celegans2,0.1,0.05,moslin,precise,mean,"[170, 210]",405705505,0.632569155240962,0.6271328275628425,True
15,16,16,celegans2,0.1,0.05,moslin,abpxp,mean,"[170, 210]",257513199,1.4690862362933819,1.285784065348289,True
16,17,17,celegans2,0.1,0.1,moslin,precise,mean,"[170, 210]",936026149,0.6019527212300616,0.5994077832342424,True
17,18,18,celegans2,0.1,0.1,moslin,abpxp,mean,"[170, 210]",770326712,1.4115353522205178,1.2415739535978412,True
18,19,19,celegans2,0.1,0.5,moslin,precise,mean,"[170, 210]",760066848,0.4435701673266358,0.4487844160767894,True
19,20,20,celegans2,0.1,0.5,moslin,abpxp,mean,"[170, 210]",326478567,1.1159999277218926,0.9984709487199183,True
20,21,21,celegans2,0.25,0.001,moslin,precise,mean,"[170, 210]",528559501,0.6497346975480083,0.6385627003488906,False
21,22,22,celegans2,0.25,0.001,moslin,abpxp,mean,"[170, 210]",392502568,1.5380773495996414,1.336718460817854,False
22,23,23,celegans2,0.25,0.01,moslin,precise,mean,"[170, 210]",738683446,0.6290649055218137,0.624559492719073,True
23,24,24,celegans2,0.25,0.01,moslin,abpxp,mean,"[170, 210]",837255296,1.5113009133806043,1.3148750556107824,True
24,25,25,celegans2,0.25,0.05,moslin,precise,mean,"[170, 210]",144641516,0.5547275678599461,0.5545685401592401,True
25,26,26,celegans2,0.25,0.05,moslin,abpxp,mean,"[170, 210]",274243666,1.3954490037506135,1.216557931439003,True
26,27,27,celegans2,0.25,0.1,moslin,precise,mean,"[170, 210]",671573344,0.4816794137783518,0.4834073571551943,True
27,28,28,celegans2,0.25,0.1,moslin,abpxp,mean,"[170, 210]",707732635,1.225016354035219,1.0865518163545078,True
28,29,29,celegans2,0.25,0.5,moslin,precise,mean,"[170, 210]",139197854,0.4467542136190131,0.4602405922616486,True
29,30,30,celegans2,0.25,0.5,moslin,abpxp,mean,"[170, 210]",132762954,1.0035791162096939,0.9465453034854497,True
30,31,31,celegans2,0.5,0.001,moslin,precise,mean,"[170, 210]",557002566,0.6130717782168382,0.6076194641119596,False
31,32,32,celegans2,0.5,0.001,moslin,abpxp,mean,"[170, 210]",613575515,1.5316001693732122,1.3059574465691255,False
32,33,33,celegans2,0.5,0.01,moslin,precise,mean,"[170, 210]",86994004,0.5617236277390946,0.563931515173232,True
33,34,34,celegans2,0.5,0.01,moslin,abpxp,mean,"[170, 210]",435776987,1.4549516923967574,1.2475231180335025,True
34,35,35,celegans2,0.5,0.05,moslin,precise,mean,"[170, 210]",357996150,0.4038495598762422,0.40864385237107664,True
35,36,36,celegans2,0.5,0.05,moslin,abpxp,mean,"[170, 210]",952646004,1.2207414603291868,1.0498305377341177,True
36,37,37,celegans2,0.5,0.1,moslin,precise,mean,"[170, 210]",973854415,0.3491556574872285,0.3568244499430473,True
37,38,38,celegans2,0.5,0.1,moslin,abpxp,mean,"[170, 210]",222865858,1.0355385253466476,0.9412347707780848,True
38,39,39,celegans2,0.5,0.5,moslin,precise,mean,"[170, 210]",142948501,0.709014193975231,0.723292204830656,True
39,40,40,celegans2,0.5,0.5,moslin,abpxp,mean,"[170, 210]",676897856,0.9751490946523437,0.9647435692501765,True
40,41,41,celegans2,0.75,0.001,moslin,precise,mean,"[170, 210]",833919544,0.5829988766809459,0.5895727348294233,True
41,42,42,celegans2,0.75,0.001,moslin,abpxp,mean,"[170, 210]",403044966,1.4801802444764502,1.2153682777577672,False
42,43,43,celegans2,0.75,0.01,moslin,precise,mean,"[170, 210]",928987418,0.4468960521803443,0.46040514751411404,True
43,44,44,celegans2,0.75,0.01,moslin,abpxp,mean,"[170, 210]",452859562,1.2794525222311273,1.0589858424951075,True
44,45,45,celegans2,0.75,0.05,moslin,precise,mean,"[170, 210]",291292823,0.27957498050195234,0.2870823690808689,True
45,46,46,celegans2,0.75,0.05,moslin,abpxp,mean,"[170, 210]",342557786,0.9871411283912552,0.9194757114396805,True
46,47,47,celegans2,0.75,0.1,moslin,precise,mean,"[170, 210]",856222526,0.36746707164004583,0.38201807533089166,True
47,48,48,celegans2,0.75,0.1,moslin,abpxp,mean,"[170, 210]",621921511,0.9751777231582697,0.9484897598336984,True
48,49,49,celegans2,0.75,0.5,moslin,precise,mean,"[170, 210]",8146355,0.8954427496923038,0.9017331031033565,True
49,50,50,celegans2,0.75,0.5,moslin,abpxp,mean,"[170, 210]",493991379,0.9862611387960133,0.9842310616911736,True
50,51,51,celegans2,0.9,0.001,moslin,precise,mean,"[170, 210]",566558519,0.5423619710351728,0.5584532306266672,True
51,52,52,celegans2,0.9,0.001,moslin,abpxp,mean,"[170, 210]",105588256,1.425506594663208,1.1543825367031748,False
52,53,53,celegans2,0.9,0.01,moslin,precise,mean,"[170, 210]",604604766,0.2780667569818498,0.2995319707424652,True
53,54,54,celegans2,0.9,0.01,moslin,abpxp,mean,"[170, 210]",974294454,0.9101820143639332,0.7665570008845952,True
54,55,55,celegans2,0.9,0.05,moslin,precise,mean,"[170, 210]",602114988,0.2572813423222527,0.26038155606810465,True
55,56,56,celegans2,0.9,0.05,moslin,abpxp,mean,"[170, 210]",620549122,0.8694144040563923,0.869047885572498,True
56,57,57,celegans2,0.9,0.1,moslin,precise,mean,"[170, 210]",391400826,0.5526615553815465,0.5750748979973078,True
57,58,58,celegans2,0.9,0.1,moslin,abpxp,mean,"[170, 210]",49662768,0.9761026935773554,0.9713557354920418,True
58,59,59,celegans2,0.9,0.5,moslin,precise,mean,"[170, 210]",24832619,0.9591463772954718,0.9615152250177046,True
59,60,60,celegans2,0.9,0.5,moslin,abpxp,mean,"[170, 210]",321697108,0.9947141976377247,0.9939655503256598,True
60,61,61,celegans2,0.95,0.001,moslin,precise,mean,"[170, 210]",530598052,0.49206987173715316,0.5148405850324143,True
61,62,62,celegans2,0.95,0.001,moslin,abpxp,mean,"[170, 210]",943640660,1.2544959622187752,1.0266385529395226,False
62,63,63,celegans2,0.95,0.01,moslin,precise,mean,"[170, 210]",423573165,0.1817155571178991,0.20677534400354985,True
63,64,64,celegans2,0.95,0.01,moslin,abpxp,mean,"[170, 210]",817886106,0.6777150062831753,0.5975130616467464,True
64,65,65,celegans2,0.95,0.05,moslin,precise,mean,"[170, 210]",894583742,0.2826108500067037,0.2857334043455412,True
65,66,66,celegans2,0.95,0.05,moslin,abpxp,mean,"[170, 210]",749567245,0.8847162077670014,0.8966267905574363,True
66,67,67,celegans2,0.95,0.1,moslin,precise,mean,"[170, 210]",852508682,0.6654409537954811,0.6870462585800148,True
67,68,68,celegans2,0.95,0.1,moslin,abpxp,mean,"[170, 210]",112065327,0.9856484736727666,0.9832056569408194,True
68,69,69,celegans2,0.95,0.5,moslin,precise,mean,"[170, 210]",823426210,0.9752970543229502,0.9765626294683994,True
69,70,70,celegans2,0.95,0.5,moslin,abpxp,mean,"[170, 210]",672383802,0.997227453605646,0.9967645231495252,True
70,71,71,celegans2,0.98,0.001,moslin,precise,mean,"[170, 210]",19861722,0.3788688129601197,0.4137240313164099,True
71,72,72,celegans2,0.98,0.001,moslin,abpxp,mean,"[170, 210]",568985491,1.010403813836639,0.8628777878540946,False
72,73,73,celegans2,0.98,0.01,moslin,precise,mean,"[170, 210]",252662915,0.11426749387113623,0.1403082124089856,True
73,74,74,celegans2,0.98,0.01,moslin,abpxp,mean,"[170, 210]",876241189,0.6458081119165847,0.5950179779786449,True
74,75,75,celegans2,0.98,0.05,moslin,precise,mean,"[170, 210]",734031745,0.32162285722075085,0.3261143224701358,True
75,76,76,celegans2,0.98,0.05,moslin,abpxp,mean,"[170, 210]",933929021,0.9024132168199522,0.9178588617608925,True
76,77,77,celegans2,0.98,0.1,moslin,precise,mean,"[170, 210]",631500637,0.7492386979526503,0.7680676426025266,True
77,78,78,celegans2,0.98,0.1,moslin,abpxp,mean,"[170, 210]",97797131,0.9924297142384612,0.9909010159772887,True
78,79,79,celegans2,0.98,0.5,moslin,precise,mean,"[170, 210]",908484087,0.9840565891332224,0.9846982918717032,True
79,80,80,celegans2,0.98,0.5,moslin,abpxp,mean,"[170, 210]",705972074,0.998660070310457,0.9983451143181403,True
80,81,81,celegans2,0.01,0.001,moslin,precise,mean,"[210, 270]",835544318,0.6154603150378287,0.6687024921402971,False
81,82,82,celegans2,0.01,0.001,moslin,abpxp,mean,"[210, 270]",308530102,1.155181019798647,1.0459525971335744,False
82,83,83,celegans2,0.01,0.01,moslin,precise,mean,"[210, 270]",912510889,0.6037711938456283,0.5854255050196251,False
83,84,84,celegans2,0.01,0.01,moslin,abpxp,mean,"[210, 270]",681366363,1.1647596541967524,0.9485872024993033,False
84,85,85,celegans2,0.01,0.05,moslin,precise,mean,"[210, 270]",956212649,0.6089886534856651,0.564092049293887,False
85,86,86,celegans2,0.01,0.05,moslin,abpxp,mean,"[210, 270]",348044058,1.1482103019545051,0.9276885925292561,False
86,87,87,celegans2,0.01,0.1,moslin,precise,mean,"[210, 270]",682041639,0.6084845056801302,0.5622902610664715,False
87,88,88,celegans2,0.01,0.1,moslin,abpxp,mean,"[210, 270]",369347154,1.1434468626130865,0.9247425975561794,True
88,89,89,celegans2,0.01,0.5,moslin,precise,mean,"[210, 270]",283453576,0.587408088551648,0.5464167663198621,True
89,90,90,celegans2,0.01,0.5,moslin,abpxp,mean,"[210, 270]",484011746,1.1018528571728141,0.8989456065068795,True
90,91,91,celegans2,0.1,0.001,moslin,precise,mean,"[210, 270]",468930367,0.5962250910717831,0.5776202412567423,False
91,92,92,celegans2,0.1,0.001,moslin,abpxp,mean,"[210, 270]",609196558,1.1626820934995392,0.9454537290699496,False
92,93,93,celegans2,0.1,0.01,moslin,precise,mean,"[210, 270]",731232,0.6009603041035476,0.5562536620023086,True
93,94,94,celegans2,0.1,0.01,moslin,abpxp,mean,"[210, 270]",628969284,1.141054312966384,0.9230098060568254,True
94,95,95,celegans2,0.1,0.05,moslin,precise,mean,"[210, 270]",506622497,0.5772100457929423,0.5390071956130196,True
95,96,96,celegans2,0.1,0.05,moslin,abpxp,mean,"[210, 270]",906922670,1.0959902478395454,0.8945270884658079,True
96,97,97,celegans2,0.1,0.1,moslin,precise,mean,"[210, 270]",610578947,0.5492713973678525,0.5172166595124879,True
97,98,98,celegans2,0.1,0.1,moslin,abpxp,mean,"[210, 270]",941980054,1.038392985407562,0.8574115801624166,True
98,99,99,celegans2,0.1,0.5,moslin,precise,mean,"[210, 270]",149066140,0.4338470784147181,0.4214370020559579,True
99,100,100,celegans2,0.1,0.5,moslin,abpxp,mean,"[210, 270]",937480742,0.7804154388059891,0.6922726970843429,True
100,101,101,celegans2,0.25,0.001,moslin,precise,mean,"[210, 270]",792955783,0.5874683896222117,0.5487087513092647,False
101,102,102,celegans2,0.25,0.001,moslin,abpxp,mean,"[210, 270]",281964224,1.1539420414591508,0.9266431249858413,False
102,103,103,celegans2,0.25,0.01,moslin,precise,mean,"[210, 270]",236935262,0.5764808766391419,0.5379705778084531,True
103,104,104,celegans2,0.25,0.01,moslin,abpxp,mean,"[210, 270]",49768385,1.1262812124192374,0.908254132087023,True
104,105,105,celegans2,0.25,0.05,moslin,precise,mean,"[210, 270]",622602113,0.5091774766436813,0.48441025784643554,True
105,106,106,celegans2,0.25,0.05,moslin,abpxp,mean,"[210, 270]",359110070,0.9823587287668808,0.817753991053279,True
106,107,107,celegans2,0.25,0.1,moslin,precise,mean,"[210, 270]",743425577,0.4484916107966596,0.43276368090255973,True
107,108,108,celegans2,0.25,0.1,moslin,abpxp,mean,"[210, 270]",25998141,0.8592840033979631,0.734380046185754,True
108,109,109,celegans2,0.25,0.5,moslin,precise,mean,"[210, 270]",523033717,0.5668740271997114,0.5742363497958293,True
109,110,110,celegans2,0.25,0.5,moslin,abpxp,mean,"[210, 270]",36902763,0.7639527158167128,0.7542889198553526,True
110,111,111,celegans2,0.5,0.001,moslin,precise,mean,"[210, 270]",263448536,0.5530967282258837,0.5194689806310454,False
111,112,112,celegans2,0.5,0.001,moslin,abpxp,mean,"[210, 270]",256860845,1.1404996842745927,0.9060777127143571,False
112,113,113,celegans2,0.5,0.01,moslin,precise,mean,"[210, 270]",64999112,0.5071638837899257,0.48280798216555343,True
113,114,114,celegans2,0.5,0.01,moslin,abpxp,mean,"[210, 270]",45721643,1.0664750746598628,0.856051932666482,True
114,115,115,celegans2,0.5,0.05,moslin,precise,mean,"[210, 270]",629345919,0.37959576074333123,0.37234048298450434,True
115,116,116,celegans2,0.5,0.05,moslin,abpxp,mean,"[210, 270]",18197563,0.7841164717284975,0.6839218726655043,True
116,117,117,celegans2,0.5,0.1,moslin,precise,mean,"[210, 270]",509133673,0.3989919865575867,0.40055743470117355,True
117,118,118,celegans2,0.5,0.1,moslin,abpxp,mean,"[210, 270]",992330921,0.7298607568815393,0.6864756435944639,True
118,119,119,celegans2,0.5,0.5,moslin,precise,mean,"[210, 270]",6973638,0.8323819326687705,0.8450870580802579,True
119,120,120,celegans2,0.5,0.5,moslin,abpxp,mean,"[210, 270]",347690643,0.9002923917420824,0.9047368358205401,True
120,121,121,celegans2,0.75,0.001,moslin,precise,mean,"[210, 270]",365601216,0.5110021986522519,0.4705903219386803,False
121,122,122,celegans2,0.75,0.001,moslin,abpxp,mean,"[210, 270]",269775183,1.118908572250126,0.8766057188622907,False
122,123,123,celegans2,0.75,0.01,moslin,precise,mean,"[210, 270]",737011493,0.38419559738496845,0.370728989667022,True
123,124,124,celegans2,0.75,0.01,moslin,abpxp,mean,"[210, 270]",69556664,0.8741984458818448,0.712527911124748,True
124,125,125,celegans2,0.75,0.05,moslin,precise,mean,"[210, 270]",719790270,0.36893647332053475,0.38071845842380486,True
125,126,126,celegans2,0.75,0.05,moslin,abpxp,mean,"[210, 270]",136927081,0.7312939132257466,0.7131886909818154,True
126,127,127,celegans2,0.75,0.1,moslin,precise,mean,"[210, 270]",46416930,0.60805441465442,0.6391392226427826,True
127,128,128,celegans2,0.75,0.1,moslin,abpxp,mean,"[210, 270]",970500275,0.8314885306939883,0.8345776138788757,True
128,129,129,celegans2,0.75,0.5,moslin,precise,mean,"[210, 270]",721522452,0.9432885840865904,0.949597603208171,True
129,130,130,celegans2,0.75,0.5,moslin,abpxp,mean,"[210, 270]",669381633,0.9675750565957768,0.9697144854721681,True
130,131,131,celegans2,0.9,0.001,moslin,precise,mean,"[210, 270]",923138240,0.4544536405776324,0.4117333031564862,True
131,132,132,celegans2,0.9,0.001,moslin,abpxp,mean,"[210, 270]",701101772,1.0632183709605685,0.8225031567027362,False
132,133,133,celegans2,0.9,0.01,moslin,precise,mean,"[210, 270]",911017377,0.24390917348000232,0.23685422892108052,True
133,134,134,celegans2,0.9,0.01,moslin,abpxp,mean,"[210, 270]",146993742,0.5911912346617981,0.514641862589969,True
134,135,135,celegans2,0.9,0.05,moslin,precise,mean,"[210, 270]",106267641,0.5683884660585529,0.6132706689223751,True
135,136,136,celegans2,0.9,0.05,moslin,abpxp,mean,"[210, 270]",149204054,0.873026726830867,0.8777048902243466,True
136,137,137,celegans2,0.9,0.1,moslin,precise,mean,"[210, 270]",747772313,0.7900436952822881,0.8254532457156846,True
137,138,138,celegans2,0.9,0.1,moslin,abpxp,mean,"[210, 270]",271227384,0.9419826916408666,0.9453093853978745,True
138,139,139,celegans2,0.9,0.5,moslin,precise,mean,"[210, 270]",259396247,0.9755313146516836,0.9793142990522342,True
139,140,140,celegans2,0.9,0.5,moslin,abpxp,mean,"[210, 270]",345556051,0.9893818535112597,0.9901567573247327,True
140,141,141,celegans2,0.95,0.001,moslin,precise,mean,"[210, 270]",63296416,0.39482545691922116,0.3636710785642338,True
141,142,142,celegans2,0.95,0.001,moslin,abpxp,mean,"[210, 270]",121925546,0.9138813156444813,0.7106406269727612,True
142,143,143,celegans2,0.95,0.01,moslin,precise,mean,"[210, 270]",866740585,0.20291178960948145,0.20490603009764544,True
143,144,144,celegans2,0.95,0.01,moslin,abpxp,mean,"[210, 270]",488805327,0.5075906243467418,0.4935442537968507,True
144,145,145,celegans2,0.95,0.05,moslin,precise,mean,"[210, 270]",101769398,0.6740570677308714,0.7288143310477344,True
145,146,146,celegans2,0.95,0.05,moslin,abpxp,mean,"[210, 270]",581135413,0.9399964238604691,0.9433331322371156,True
146,147,147,celegans2,0.95,0.1,moslin,precise,mean,"[210, 270]",999044950,0.8423903685359924,0.8748918429466914,True
147,148,148,celegans2,0.95,0.1,moslin,abpxp,mean,"[210, 270]",279423980,0.9730330435107543,0.9748049235070197,True
148,149,149,celegans2,0.95,0.5,moslin,precise,mean,"[210, 270]",679130108,0.9835380166417167,0.9866496826069874,True
149,150,150,celegans2,0.95,0.5,moslin,abpxp,mean,"[210, 270]",824807546,0.9949802747853199,0.9953546309068981,True
150,151,151,celegans2,0.98,0.001,moslin,precise,mean,"[210, 270]",838915540,0.28591751029250456,0.26861761014645097,True
151,152,152,celegans2,0.98,0.001,moslin,abpxp,mean,"[210, 270]",977966405,0.7220454870575581,0.5779068043548262,True
152,153,153,celegans2,0.98,0.01,moslin,precise,mean,"[210, 270]",200647062,0.21057001730380667,0.22668098374611775,True
153,154,154,celegans2,0.98,0.01,moslin,abpxp,mean,"[210, 270]",138780655,0.5594585568324535,0.5759515083703488,True
154,155,155,celegans2,0.98,0.05,moslin,precise,mean,"[210, 270]",876976683,0.7325662523363977,0.7904444407594643,True
155,156,156,celegans2,0.98,0.05,moslin,abpxp,mean,"[210, 270]",592987225,0.9771047366636759,0.9785803804238428,True
156,157,157,celegans2,0.98,0.1,moslin,precise,mean,"[210, 270]",735322207,0.8711101578302898,0.901279265017819,True
157,158,158,celegans2,0.98,0.1,moslin,abpxp,mean,"[210, 270]",654597695,0.9895904794637647,0.9903181509128678,True
158,159,159,celegans2,0.98,0.5,moslin,precise,mean,"[210, 270]",999889545,0.9878652497328829,0.9906063483387041,True
159,160,160,celegans2,0.98,0.5,moslin,abpxp,mean,"[210, 270]",736687157,0.9980374911605663,0.9981840091236844,True
160,161,161,celegans2,0.01,0.001,moslin,precise,mean,"[270, 330]",22089748,0.6019759101611507,0.5252574086791941,False
161,162,162,celegans2,0.01,0.001,moslin,abpxp,mean,"[270, 330]",372678646,0.717217872218528,0.7322832644822321,False
162,163,163,celegans2,0.01,0.01,moslin,precise,mean,"[270, 330]",185076640,0.5647854628973141,0.4473656363678241,False
163,164,164,celegans2,0.01,0.01,moslin,abpxp,mean,"[270, 330]",649939859,0.7706465846205863,0.6543059481342997,False
164,165,165,celegans2,0.01,0.05,moslin,precise,mean,"[270, 330]",940936852,0.5579522760819168,0.4302899742143767,False
165,166,166,celegans2,0.01,0.05,moslin,abpxp,mean,"[270, 330]",834652351,0.7674100317530163,0.634808481840417,False
166,167,167,celegans2,0.01,0.1,moslin,precise,mean,"[270, 330]",387538654,0.5547729368376081,0.42758022692395925,False
167,168,168,celegans2,0.01,0.1,moslin,abpxp,mean,"[270, 330]",98806892,0.7631945455664918,0.632838616596039,False
168,169,169,celegans2,0.01,0.5,moslin,precise,mean,"[270, 330]",543447488,0.5299923091959331,0.4109454270138533,True
169,170,170,celegans2,0.01,0.5,moslin,abpxp,mean,"[270, 330]",470564560,0.7313599627531413,0.6105243324917273,True
170,171,171,celegans2,0.1,0.001,moslin,precise,mean,"[270, 330]",200671174,0.5610906622264583,0.44370083684604716,False
171,172,172,celegans2,0.1,0.001,moslin,abpxp,mean,"[270, 330]",925801062,0.7719615009232595,0.6515345298960367,False
172,173,173,celegans2,0.1,0.01,moslin,precise,mean,"[270, 330]",901518396,0.5517652248725592,0.4239265029526417,False
173,174,174,celegans2,0.1,0.01,moslin,abpxp,mean,"[270, 330]",569709722,0.7617399443821505,0.6314868789285407,False
174,175,175,celegans2,0.1,0.05,moslin,precise,mean,"[270, 330]",716888956,0.5235695397964633,0.40551082229894403,True
175,176,176,celegans2,0.1,0.05,moslin,abpxp,mean,"[270, 330]",931409469,0.7265874913606309,0.6068253732210596,True
176,177,177,celegans2,0.1,0.1,moslin,precise,mean,"[270, 330]",455271344,0.492356507113205,0.3837345030407424,True
177,178,178,celegans2,0.1,0.1,moslin,abpxp,mean,"[270, 330]",380645464,0.6826422264715003,0.5755091328862545,True
178,179,179,celegans2,0.1,0.5,moslin,precise,mean,"[270, 330]",638961727,0.37209112614448675,0.31199795431654764,True
179,180,180,celegans2,0.1,0.5,moslin,abpxp,mean,"[270, 330]",701066424,0.504194721572793,0.46327353842517327,True
180,181,181,celegans2,0.25,0.001,moslin,precise,mean,"[270, 330]",281365987,0.5486130362719461,0.4221334935177274,False
181,182,182,celegans2,0.25,0.001,moslin,abpxp,mean,"[270, 330]",150787979,0.7666177675377174,0.6332473575184606,False
182,183,183,celegans2,0.25,0.01,moslin,precise,mean,"[270, 330]",665137712,0.5295246588725036,0.40734573530128737,True
183,184,184,celegans2,0.25,0.01,moslin,abpxp,mean,"[270, 330]",696135013,0.7418457114244625,0.617167171621166,True
184,185,185,celegans2,0.25,0.05,moslin,precise,mean,"[270, 330]",391058942,0.45768751028740357,0.35599255602447794,True
185,186,186,celegans2,0.25,0.05,moslin,abpxp,mean,"[270, 330]",276932514,0.6400955231698691,0.5445356405005471,True
186,187,187,celegans2,0.25,0.1,moslin,precise,mean,"[270, 330]",409962628,0.3960192134526618,0.31481057554026415,True
187,188,188,celegans2,0.25,0.1,moslin,abpxp,mean,"[270, 330]",574067684,0.55411859827617,0.4863409614201633,True
188,189,189,celegans2,0.25,0.5,moslin,precise,mean,"[270, 330]",581397808,0.49142431609141074,0.47458727051653504,True
189,190,190,celegans2,0.25,0.5,moslin,abpxp,mean,"[270, 330]",538337013,0.6068369533374882,0.6249588451578105,True
190,191,191,celegans2,0.5,0.001,moslin,precise,mean,"[270, 330]",655920155,0.5331292654335011,0.4015748273063222,False
191,192,192,celegans2,0.5,0.001,moslin,abpxp,mean,"[270, 330]",310811733,0.7415807670616061,0.6103290016036916,False
192,193,193,celegans2,0.5,0.01,moslin,precise,mean,"[270, 330]",927695293,0.480420628215216,0.3647311218597611,True
193,194,194,celegans2,0.5,0.01,moslin,abpxp,mean,"[270, 330]",812945195,0.6755865387765394,0.5651403612321699,True
194,195,195,celegans2,0.5,0.05,moslin,precise,mean,"[270, 330]",487311106,0.3462955329335281,0.27804222818856117,True
195,196,196,celegans2,0.5,0.05,moslin,abpxp,mean,"[270, 330]",870264865,0.501783147729756,0.45516959379009253,True
196,197,197,celegans2,0.5,0.1,moslin,precise,mean,"[270, 330]",699807556,0.3558398184649681,0.3206334321670143,True
197,198,198,celegans2,0.5,0.1,moslin,abpxp,mean,"[270, 330]",852543403,0.4991762260277271,0.4953834136289364,True
198,199,199,celegans2,0.5,0.5,moslin,precise,mean,"[270, 330]",857829631,0.795795483997591,0.7933250923382377,True
199,200,200,celegans2,0.5,0.5,moslin,abpxp,mean,"[270, 330]",37388943,0.8771364422264207,0.8868809359917464,True
200,201,201,celegans2,0.75,0.001,moslin,precise,mean,"[270, 330]",85697608,0.5101015105798625,0.3777189688210464,False
201,202,202,celegans2,0.75,0.001,moslin,abpxp,mean,"[270, 330]",710726514,0.7136603718914697,0.5868019962853189,True
202,203,203,celegans2,0.75,0.01,moslin,precise,mean,"[270, 330]",636846149,0.37362238701866735,0.28210748683900605,True
203,204,204,celegans2,0.75,0.01,moslin,abpxp,mean,"[270, 330]",163466536,0.5366942946521278,0.4612875422572359,True
204,205,205,celegans2,0.75,0.05,moslin,precise,mean,"[270, 330]",505194738,0.3574606983691911,0.3358379209988595,True
205,206,206,celegans2,0.75,0.05,moslin,abpxp,mean,"[270, 330]",911418492,0.555621496724611,0.5728050487544479,True
206,207,207,celegans2,0.75,0.1,moslin,precise,mean,"[270, 330]",998798610,0.6034387733305204,0.5994605988579224,True
207,208,208,celegans2,0.75,0.1,moslin,abpxp,mean,"[270, 330]",757366720,0.769413794890515,0.7866379305902672,True
208,209,209,celegans2,0.75,0.5,moslin,precise,mean,"[270, 330]",703679353,0.9437210812829128,0.9434526794755711,True
209,210,210,celegans2,0.75,0.5,moslin,abpxp,mean,"[270, 330]",126095657,0.9645931923028727,0.9674097123313926,True
210,211,211,celegans2,0.9,0.001,moslin,precise,mean,"[270, 330]",7999151,0.46441255396571696,0.34070036992406544,True
211,212,212,celegans2,0.9,0.001,moslin,abpxp,mean,"[270, 330]",80288604,0.6511016550096559,0.5345828314166419,True
212,213,213,celegans2,0.9,0.01,moslin,precise,mean,"[270, 330]",192247441,0.25686418594351745,0.20623409243861227,True
213,214,214,celegans2,0.9,0.01,moslin,abpxp,mean,"[270, 330]",440600597,0.36881506304818984,0.3548101664548252,True
214,215,215,celegans2,0.9,0.05,moslin,precise,mean,"[270, 330]",324973324,0.6324434010293414,0.6341009786069347,True
215,216,216,celegans2,0.9,0.05,moslin,abpxp,mean,"[270, 330]",465155570,0.8505595624853239,0.8630759867520055,True
216,217,217,celegans2,0.9,0.1,moslin,precise,mean,"[270, 330]",429950204,0.8472893849143742,0.8513807969757612,True
217,218,218,celegans2,0.9,0.1,moslin,abpxp,mean,"[270, 330]",185468279,0.9359156078410135,0.9411983501334064,True
218,219,219,celegans2,0.9,0.5,moslin,precise,mean,"[270, 330]",443027542,0.9813203000190127,0.981677975613887,True
219,220,220,celegans2,0.9,0.5,moslin,abpxp,mean,"[270, 330]",822154125,0.988755862736641,0.9896439457408632,True
220,221,221,celegans2,0.95,0.001,moslin,precise,mean,"[270, 330]",719402935,0.40476142005827137,0.29718371755105716,True
221,222,222,celegans2,0.95,0.001,moslin,abpxp,mean,"[270, 330]",539600119,0.5765576388910646,0.4738078126330473,True
222,223,223,celegans2,0.95,0.01,moslin,precise,mean,"[270, 330]",902044663,0.24314601811519884,0.22384617360473064,True
223,224,224,celegans2,0.95,0.01,moslin,abpxp,mean,"[270, 330]",46902827,0.36929195510030705,0.40496294942566907,True
224,225,225,celegans2,0.95,0.05,moslin,precise,mean,"[270, 330]",468979721,0.7770237941791965,0.7854785290126507,True
225,226,226,celegans2,0.95,0.05,moslin,abpxp,mean,"[270, 330]",885386401,0.9368864213869096,0.9423450089339588,True
226,227,227,celegans2,0.95,0.1,moslin,precise,mean,"[270, 330]",288187366,0.9187699567897517,0.9229184504018655,True
227,228,228,celegans2,0.95,0.1,moslin,abpxp,mean,"[270, 330]",154563225,0.9714360526483906,0.9737875909351804,True
228,229,229,celegans2,0.95,0.5,moslin,precise,mean,"[270, 330]",962054431,0.9890024428956825,0.9895438311556038,True
229,230,230,celegans2,0.95,0.5,moslin,abpxp,mean,"[270, 330]",540844525,0.994696846939577,0.9951166984898033,True
230,231,231,celegans2,0.98,0.001,moslin,precise,mean,"[270, 330]",560445042,0.2958284936140589,0.21915508019939992,True
231,232,232,celegans2,0.98,0.001,moslin,abpxp,mean,"[270, 330]",583976891,0.42857642560470455,0.3622876936117628,True
232,233,233,celegans2,0.98,0.01,moslin,precise,mean,"[270, 330]",687809476,0.3454343133883352,0.34977517717773743,True
233,234,234,celegans2,0.98,0.01,moslin,abpxp,mean,"[270, 330]",673492510,0.5667653010869504,0.6166508110410918,True
234,235,235,celegans2,0.98,0.05,moslin,precise,mean,"[270, 330]",382246533,0.859001736714054,0.8697902671728259,True
235,236,236,celegans2,0.98,0.05,moslin,abpxp,mean,"[270, 330]",733326264,0.9766532511309447,0.9787107026671994,True
236,237,237,celegans2,0.98,0.1,moslin,precise,mean,"[270, 330]",401813567,0.9488021513386736,0.9535732900717788,True
237,238,238,celegans2,0.98,0.1,moslin,abpxp,mean,"[270, 330]",314998287,0.9890224862701738,0.9899374760462174,True
238,239,239,celegans2,0.98,0.5,moslin,precise,mean,"[270, 330]",343062014,0.9929238914104469,0.9935553455487649,True
239,240,240,celegans2,0.98,0.5,moslin,abpxp,mean,"[270, 330]",860460537,0.9978979011826372,0.9980670425640648,True
240,241,241,celegans2,0.01,0.001,moslin,precise,mean,"[330, 390]",559998784,0.39479746879605154,0.4852628873266647,False
241,242,242,celegans2,0.01,0.001,moslin,abpxp,mean,"[330, 390]",359835035,0.8248971829874514,0.8612414803878014,False
242,243,243,celegans2,0.01,0.01,moslin,precise,mean,"[330, 390]",834908656,0.3900970058249579,0.40201498395524443,False
243,244,244,celegans2,0.01,0.01,moslin,abpxp,mean,"[330, 390]",71654213,0.849338122102516,0.7705899912464259,False
244,245,245,celegans2,0.01,0.05,moslin,precise,mean,"[330, 390]",661009515,0.37903683059127674,0.3815052830363402,False
245,246,246,celegans2,0.01,0.05,moslin,abpxp,mean,"[330, 390]",254946067,0.8374481524084528,0.7524865243342764,False
246,247,247,celegans2,0.01,0.1,moslin,precise,mean,"[330, 390]",811297382,0.3786049909723321,0.3774056260628029,False
247,248,248,celegans2,0.01,0.1,moslin,abpxp,mean,"[330, 390]",19991199,0.8344678195715023,0.748870142617688,True
248,249,249,celegans2,0.01,0.5,moslin,precise,mean,"[330, 390]",360299685,0.3551926869978562,0.35016495924892543,True
249,250,250,celegans2,0.01,0.5,moslin,abpxp,mean,"[330, 390]",875507251,0.7995982887080721,0.7142359515520665,True
250,251,251,celegans2,0.1,0.001,moslin,precise,mean,"[330, 390]",902288995,0.38467720549880796,0.3972287528974749,False
251,252,252,celegans2,0.1,0.001,moslin,abpxp,mean,"[330, 390]",336902934,0.8455002248567186,0.7641940294331632,False
252,253,253,celegans2,0.1,0.01,moslin,precise,mean,"[330, 390]",279808753,0.37415019009184164,0.3729708715464222,False
253,254,254,celegans2,0.1,0.01,moslin,abpxp,mean,"[330, 390]",254982936,0.8322423835917874,0.7462140128682936,True
254,255,255,celegans2,0.1,0.05,moslin,precise,mean,"[330, 390]",597914791,0.34889534579940695,0.3433077506617241,True
255,256,256,celegans2,0.1,0.05,moslin,abpxp,mean,"[330, 390]",318881164,0.7933693553647801,0.7077843529299499,True
256,257,257,celegans2,0.1,0.1,moslin,precise,mean,"[330, 390]",340402032,0.3242868518904059,0.317361244111536,True
257,258,258,celegans2,0.1,0.1,moslin,abpxp,mean,"[330, 390]",765383052,0.7480235547482055,0.6639872456797205,True
258,259,259,celegans2,0.1,0.5,moslin,precise,mean,"[330, 390]",935080518,0.26470321952393455,0.26535993207836317,True
259,260,260,celegans2,0.1,0.5,moslin,abpxp,mean,"[330, 390]",798911414,0.6600194104673575,0.5933617484006748,True
260,261,261,celegans2,0.25,0.001,moslin,precise,mean,"[330, 390]",87412850,0.3699553278346777,0.3729799773981634,False
261,262,262,celegans2,0.25,0.001,moslin,abpxp,mean,"[330, 390]",82404953,0.8323774752378069,0.748569062002277,False
262,263,263,celegans2,0.25,0.01,moslin,precise,mean,"[330, 390]",469108687,0.3521803216858544,0.3462277200449487,False
263,264,264,celegans2,0.25,0.01,moslin,abpxp,mean,"[330, 390]",878359673,0.8101101655867156,0.7233878734008405,True
264,265,265,celegans2,0.25,0.05,moslin,precise,mean,"[330, 390]",132131451,0.2955275218588667,0.28731527451598954,True
265,266,266,celegans2,0.25,0.05,moslin,abpxp,mean,"[330, 390]",616998787,0.7091050458610777,0.6256677498587038,True
266,267,267,celegans2,0.25,0.1,moslin,precise,mean,"[330, 390]",420072769,0.2607226870000279,0.2540379133660364,True
267,268,268,celegans2,0.25,0.1,moslin,abpxp,mean,"[330, 390]",51117126,0.6578536281746471,0.5796006811018573,True
268,269,269,celegans2,0.25,0.5,moslin,precise,mean,"[330, 390]",742993779,0.4151073146191636,0.43021374405611534,True
269,270,270,celegans2,0.25,0.5,moslin,abpxp,mean,"[330, 390]",539226842,0.7919016600225582,0.7701354207723491,True
270,271,271,celegans2,0.5,0.001,moslin,precise,mean,"[330, 390]",212533348,0.34751221288268136,0.3452578604031941,False
271,272,272,celegans2,0.5,0.001,moslin,abpxp,mean,"[330, 390]",235085136,0.7845695494021515,0.6972251373333577,True
272,273,273,celegans2,0.5,0.01,moslin,precise,mean,"[330, 390]",591638319,0.29932988391881626,0.29209327272276525,True
273,274,274,celegans2,0.5,0.01,moslin,abpxp,mean,"[330, 390]",420194461,0.7456427192192651,0.6568640375731796,True
274,275,275,celegans2,0.5,0.05,moslin,precise,mean,"[330, 390]",914041417,0.2267252336544415,0.2224144383140291,True
275,276,276,celegans2,0.5,0.05,moslin,abpxp,mean,"[330, 390]",732197164,0.639822995734224,0.5679176550294481,True
276,277,277,celegans2,0.5,0.1,moslin,precise,mean,"[330, 390]",39694749,0.27728136660811586,0.28480193935019976,True
277,278,278,celegans2,0.5,0.1,moslin,abpxp,mean,"[330, 390]",869063078,0.7036463901547069,0.6598927582130315,True
278,279,279,celegans2,0.5,0.5,moslin,precise,mean,"[330, 390]",252184450,0.7142481865867328,0.7233928684394809,True
279,280,280,celegans2,0.5,0.5,moslin,abpxp,mean,"[330, 390]",232503977,0.9331441592197623,0.9283838273399685,True
280,281,281,celegans2,0.75,0.001,moslin,precise,mean,"[330, 390]",344986837,0.3060259435109293,0.30330725213955206,False
281,282,282,celegans2,0.75,0.001,moslin,abpxp,mean,"[330, 390]",603497538,0.6911780996364951,0.6096775905459556,False
282,283,283,celegans2,0.75,0.01,moslin,precise,mean,"[330, 390]",973502907,0.20598175996003568,0.19844550049481047,True
283,284,284,celegans2,0.75,0.01,moslin,abpxp,mean,"[330, 390]",854866013,0.5426041424047785,0.4562160597619245,True
284,285,285,celegans2,0.75,0.05,moslin,precise,mean,"[330, 390]",711876067,0.28419564859953605,0.2944489978569484,True
285,286,286,celegans2,0.75,0.05,moslin,abpxp,mean,"[330, 390]",820914244,0.7543551896340825,0.7263494556965003,True
286,287,287,celegans2,0.75,0.1,moslin,precise,mean,"[330, 390]",272196488,0.5364241741512656,0.5484501463780416,True
287,288,288,celegans2,0.75,0.1,moslin,abpxp,mean,"[330, 390]",537422742,0.8749539975620721,0.8655918780592649,True
288,289,289,celegans2,0.75,0.5,moslin,precise,mean,"[330, 390]",440253704,0.9129321272621159,0.9154970437438291,True
289,290,290,celegans2,0.75,0.5,moslin,abpxp,mean,"[330, 390]",624122456,0.9810405178256374,0.9788531796740613,True
290,291,291,celegans2,0.9,0.001,moslin,precise,mean,"[330, 390]",36746289,0.26377488918919734,0.2598042528901628,True
291,292,292,celegans2,0.9,0.001,moslin,abpxp,mean,"[330, 390]",664908193,0.5652666869916243,0.48982206455121063,False
292,293,293,celegans2,0.9,0.01,moslin,precise,mean,"[330, 390]",437766558,0.13285688373679627,0.12856958184945147,True
293,294,294,celegans2,0.9,0.01,moslin,abpxp,mean,"[330, 390]",914193217,0.4364042004380869,0.38476801649046993,True
294,295,295,celegans2,0.9,0.05,moslin,precise,mean,"[330, 390]",927640277,0.5861385339783975,0.5953669268441549,True
295,296,296,celegans2,0.9,0.05,moslin,abpxp,mean,"[330, 390]",524810301,0.9140630132555936,0.907775656956846,True
296,297,297,celegans2,0.9,0.1,moslin,precise,mean,"[330, 390]",474298802,0.8259842148659169,0.8316028916781489,True
297,298,298,celegans2,0.9,0.1,moslin,abpxp,mean,"[330, 390]",596886627,0.9641737934933144,0.9605289889516284,True
298,299,299,celegans2,0.9,0.5,moslin,precise,mean,"[330, 390]",184851290,0.9746643335239157,0.9753279902612267,True
299,300,300,celegans2,0.9,0.5,moslin,abpxp,mean,"[330, 390]",72908560,0.9938309006286812,0.9930309875422381,True
300,301,301,celegans2,0.95,0.001,moslin,precise,mean,"[330, 390]",934788118,0.2192055334035773,0.21297803885080813,True
301,302,302,celegans2,0.95,0.001,moslin,abpxp,mean,"[330, 390]",198439157,0.4689710585484877,0.40877834549758296,True
302,303,303,celegans2,0.95,0.01,moslin,precise,mean,"[330, 390]",109250343,0.12219454925843978,0.12328385361693878,True
303,304,304,celegans2,0.95,0.01,moslin,abpxp,mean,"[330, 390]",289484143,0.48805262094590557,0.4680356390194508,True
304,305,305,celegans2,0.95,0.05,moslin,precise,mean,"[330, 390]",399855123,0.8008723936691212,0.8067553774071988,True
305,306,306,celegans2,0.95,0.05,moslin,abpxp,mean,"[330, 390]",214057564,0.9624524273514904,0.9584378126525768,True
306,307,307,celegans2,0.95,0.1,moslin,precise,mean,"[330, 390]",464228941,0.9266929787214288,0.9289976423765429,True
307,308,308,celegans2,0.95,0.1,moslin,abpxp,mean,"[330, 390]",999753129,0.9833943858567269,0.9813513709631521,True
308,309,309,celegans2,0.95,0.5,moslin,precise,mean,"[330, 390]",484630422,0.988380897544569,0.9886757624376845,True
309,310,310,celegans2,0.95,0.5,moslin,abpxp,mean,"[330, 390]",490105752,0.9969547938583774,0.9965477466797563,True
310,311,311,celegans2,0.98,0.001,moslin,precise,mean,"[330, 390]",794148958,0.1514119424254655,0.14488501796793857,True
311,312,312,celegans2,0.98,0.001,moslin,abpxp,mean,"[330, 390]",694821887,0.3366921018158327,0.29445191348283617,True
312,313,313,celegans2,0.98,0.01,moslin,precise,mean,"[330, 390]",627829777,0.15560718811263943,0.16198801789153455,True
313,314,314,celegans2,0.98,0.01,moslin,abpxp,mean,"[330, 390]",842669133,0.6049320953490487,0.6058566971145448,True
314,315,315,celegans2,0.98,0.05,moslin,precise,mean,"[330, 390]",582556592,0.9342846860942233,0.9364608105686527,True
315,316,316,celegans2,0.98,0.05,moslin,abpxp,mean,"[330, 390]",973003630,0.9841736964077001,0.9820914104174283,True
316,317,317,celegans2,0.98,0.1,moslin,precise,mean,"[330, 390]",730984860,0.9737468079657337,0.9746344934163886,True
317,318,318,celegans2,0.98,0.1,moslin,abpxp,mean,"[330, 390]",685913837,0.9927564759520685,0.9917781562568055,True
318,319,319,celegans2,0.98,0.5,moslin,precise,mean,"[330, 390]",134663465,0.9954226343373147,0.9955581890773816,True
319,320,320,celegans2,0.98,0.5,moslin,abpxp,mean,"[330, 390]",744481816,0.9986357801279464,0.9984485607172797,True
320,321,321,celegans2,0.01,0.001,moslin,precise,mean,"[390, 450]",56336669,0.3405245377551469,0.33367634018701464,False
321,322,322,celegans2,0.01,0.001,moslin,abpxp,mean,"[390, 450]",498828377,0.5171580983301647,0.45794279979015917,False
322,323,323,celegans2,0.01,0.01,moslin,precise,mean,"[390, 450]",332991582,0.3264233249156925,0.2709632368679685,False
323,324,324,celegans2,0.01,0.01,moslin,abpxp,mean,"[390, 450]",680992826,0.5130942487355478,0.396584372607239,False
324,325,325,celegans2,0.01,0.05,moslin,precise,mean,"[390, 450]",68966016,0.3220037205730097,0.26494000715975874,False
325,326,326,celegans2,0.01,0.05,moslin,abpxp,mean,"[390, 450]",858046497,0.4955953554390442,0.36637042356628374,False
326,327,327,celegans2,0.01,0.1,moslin,precise,mean,"[390, 450]",59180355,0.3175515730111647,0.261414797041208,False
327,328,328,celegans2,0.01,0.1,moslin,abpxp,mean,"[390, 450]",69023750,0.4930087347657423,0.3610332189565523,False
328,329,329,celegans2,0.01,0.5,moslin,precise,mean,"[390, 450]",978930680,0.29499548636398004,0.24444812809663685,True
329,330,330,celegans2,0.01,0.5,moslin,abpxp,mean,"[390, 450]",687496012,0.4743622291010763,0.3453515728801616,True
330,331,331,celegans2,0.1,0.001,moslin,precise,mean,"[390, 450]",607552157,0.3244590985780941,0.2643930761753502,False
331,332,332,celegans2,0.1,0.001,moslin,abpxp,mean,"[390, 450]",498723619,0.5109514292682539,0.39449747656135903,False
332,333,333,celegans2,0.1,0.01,moslin,precise,mean,"[390, 450]",45517290,0.31595828169530654,0.25631864774299024,False
333,334,334,celegans2,0.1,0.01,moslin,abpxp,mean,"[390, 450]",740331689,0.4919784173895914,0.3597189408536573,False
334,335,335,celegans2,0.1,0.05,moslin,precise,mean,"[390, 450]",49923484,0.291662043503302,0.23898048369456965,True
335,336,336,celegans2,0.1,0.05,moslin,abpxp,mean,"[390, 450]",725501718,0.47135027710968685,0.3428150131154674,True
336,337,337,celegans2,0.1,0.1,moslin,precise,mean,"[390, 450]",553920448,0.26518341242552107,0.22006379672983808,True
337,338,338,celegans2,0.1,0.1,moslin,abpxp,mean,"[390, 450]",837343507,0.4456139287710105,0.32313730742957864,True
338,339,339,celegans2,0.1,0.5,moslin,precise,mean,"[390, 450]",847814892,0.17265696079069864,0.1537707593598768,True
339,340,340,celegans2,0.1,0.5,moslin,abpxp,mean,"[390, 450]",667169147,0.3581717127211531,0.2685703981823915,True
340,341,341,celegans2,0.25,0.001,moslin,precise,mean,"[390, 450]",590430973,0.3190228874281828,0.2554353849222224,False
341,342,342,celegans2,0.25,0.001,moslin,abpxp,mean,"[390, 450]",981620639,0.4964909414834122,0.37138960872970433,False
342,343,343,celegans2,0.25,0.01,moslin,precise,mean,"[390, 450]",21780724,0.30140422786146853,0.24149142459835474,False
343,344,344,celegans2,0.25,0.01,moslin,abpxp,mean,"[390, 450]",487027789,0.47950825888777954,0.34831200433688314,True
344,345,345,celegans2,0.25,0.05,moslin,precise,mean,"[390, 450]",93663450,0.24164033140722588,0.19872377620441967,True
345,346,346,celegans2,0.25,0.05,moslin,abpxp,mean,"[390, 450]",582649679,0.42110178466128856,0.30431632744946846,True
346,347,347,celegans2,0.25,0.1,moslin,precise,mean,"[390, 450]",30990026,0.19667640814775889,0.16625707857841077,True
347,348,348,celegans2,0.25,0.1,moslin,abpxp,mean,"[390, 450]",387147982,0.3769807642647596,0.27378604563478776,True
348,349,349,celegans2,0.25,0.5,moslin,precise,mean,"[390, 450]",459238952,0.2506316215904544,0.2439501803655995,True
349,350,350,celegans2,0.25,0.5,moslin,abpxp,mean,"[390, 450]",498002597,0.46073574966172703,0.4083561671821268,True
350,351,351,celegans2,0.5,0.001,moslin,precise,mean,"[390, 450]",497141802,0.31069674372970757,0.2455923936270423,False
351,352,352,celegans2,0.5,0.001,moslin,abpxp,mean,"[390, 450]",733557959,0.47206953360900433,0.3450569044360194,False
352,353,353,celegans2,0.5,0.01,moslin,precise,mean,"[390, 450]",266859345,0.2640295477911423,0.2116148459497365,True
353,354,354,celegans2,0.5,0.01,moslin,abpxp,mean,"[390, 450]",251353952,0.4307471415866774,0.31179947150688525,True
354,355,355,celegans2,0.5,0.05,moslin,precise,mean,"[390, 450]",634696748,0.16557473390949018,0.1385401438364538,True
355,356,356,celegans2,0.5,0.05,moslin,abpxp,mean,"[390, 450]",799332957,0.3507248405101684,0.2583845406761893,True
356,357,357,celegans2,0.5,0.1,moslin,precise,mean,"[390, 450]",208637538,0.15211255781043015,0.13761072666949742,True
357,358,358,celegans2,0.5,0.1,moslin,abpxp,mean,"[390, 450]",616123096,0.37179462201689034,0.300023163967402,True
358,359,359,celegans2,0.5,0.5,moslin,precise,mean,"[390, 450]",19062542,0.6190244358204842,0.618245104543498,True
359,360,360,celegans2,0.5,0.5,moslin,abpxp,mean,"[390, 450]",892604783,0.760917450369242,0.7450506785402602,True
360,361,361,celegans2,0.75,0.001,moslin,precise,mean,"[390, 450]",782671705,0.2959095419084135,0.2353850531999099,True
361,362,362,celegans2,0.75,0.001,moslin,abpxp,mean,"[390, 450]",234672506,0.44965560398550936,0.3253800543387466,False
362,363,363,celegans2,0.75,0.01,moslin,precise,mean,"[390, 450]",647380157,0.1926223120351408,0.15713843429621868,True
363,364,364,celegans2,0.75,0.01,moslin,abpxp,mean,"[390, 450]",113168650,0.3425967733522615,0.24610364224008677,True
364,365,365,celegans2,0.75,0.05,moslin,precise,mean,"[390, 450]",546699897,0.1426090492364422,0.12619756946502747,True
365,366,366,celegans2,0.75,0.05,moslin,abpxp,mean,"[390, 450]",353562635,0.4134928393780835,0.35642913880209476,True
366,367,367,celegans2,0.75,0.1,moslin,precise,mean,"[390, 450]",225499783,0.30302453940546986,0.29891932010890415,True
367,368,368,celegans2,0.75,0.1,moslin,abpxp,mean,"[390, 450]",987636298,0.6097860800794971,0.579570335728567,True
368,369,369,celegans2,0.75,0.5,moslin,precise,mean,"[390, 450]",471653846,0.8700842118072568,0.8695304288676203,True
369,370,370,celegans2,0.75,0.5,moslin,abpxp,mean,"[390, 450]",965037577,0.9289869543056608,0.9247950018313091,True
370,371,371,celegans2,0.9,0.001,moslin,precise,mean,"[390, 450]",348995442,0.26179801866686936,0.2093816183813329,True
371,372,372,celegans2,0.9,0.001,moslin,abpxp,mean,"[390, 450]",123355007,0.4004088302521959,0.287442495755553,False
372,373,373,celegans2,0.9,0.01,moslin,precise,mean,"[390, 450]",920170435,0.11402041689852359,0.09542344973080263,True
373,374,374,celegans2,0.9,0.01,moslin,abpxp,mean,"[390, 450]",507144240,0.24834889933995316,0.18445645468833516,True
374,375,375,celegans2,0.9,0.05,moslin,precise,mean,"[390, 450]",863060726,0.2732168991645746,0.262994038111462,True
375,376,376,celegans2,0.9,0.05,moslin,abpxp,mean,"[390, 450]",99924408,0.717571582887278,0.6977200566921694,True
376,377,377,celegans2,0.9,0.1,moslin,precise,mean,"[390, 450]",991841173,0.6278448024990341,0.630502940291821,True
377,378,378,celegans2,0.9,0.1,moslin,abpxp,mean,"[390, 450]",161363212,0.8711883693898853,0.8628369678528015,True
378,379,379,celegans2,0.9,0.5,moslin,precise,mean,"[390, 450]",51882183,0.9537903038219439,0.9535553765571742,True
379,380,380,celegans2,0.9,0.5,moslin,abpxp,mean,"[390, 450]",781087081,0.9780269444514642,0.9768091665447919,True
380,381,381,celegans2,0.95,0.001,moslin,precise,mean,"[390, 450]",800530867,0.22181767389425927,0.17892881394839807,True
381,382,382,celegans2,0.95,0.001,moslin,abpxp,mean,"[390, 450]",583433066,0.3514299817131118,0.2510900030797512,True
382,383,383,celegans2,0.95,0.01,moslin,precise,mean,"[390, 450]",561563936,0.09078120515717276,0.07822475389570661,True
383,384,384,celegans2,0.95,0.01,moslin,abpxp,mean,"[390, 450]",531411550,0.24694261568455636,0.20398527181999823,True
384,385,385,celegans2,0.95,0.05,moslin,precise,mean,"[390, 450]",55815835,0.4171431543786813,0.4130728094789826,True
385,386,386,celegans2,0.95,0.05,moslin,abpxp,mean,"[390, 450]",65543729,0.8742235141294667,0.8657418051339861,True
386,387,387,celegans2,0.95,0.1,moslin,precise,mean,"[390, 450]",136262924,0.7814579110274307,0.783603200593472,True
387,388,388,celegans2,0.95,0.1,moslin,abpxp,mean,"[390, 450]",459221469,0.9435329629795285,0.9400929670410761,True
388,389,389,celegans2,0.95,0.5,moslin,precise,mean,"[390, 450]",200340339,0.9747460751939689,0.974667230003274,True
389,390,390,celegans2,0.95,0.5,moslin,abpxp,mean,"[390, 450]",450039832,0.9897629888335252,0.989191282845197,True
390,391,391,celegans2,0.98,0.001,moslin,precise,mean,"[390, 450]",900439892,0.15201294367638948,0.12388693824084196,True
391,392,392,celegans2,0.98,0.001,moslin,abpxp,mean,"[390, 450]",8390611,0.268550063897459,0.18850390994014532,True
392,393,393,celegans2,0.98,0.01,moslin,precise,mean,"[390, 450]",433045808,0.09858437629553005,0.086384887453073,True
393,394,394,celegans2,0.98,0.01,moslin,abpxp,mean,"[390, 450]",126844726,0.3863303898000088,0.35766820408024685,True
394,395,395,celegans2,0.98,0.05,moslin,precise,mean,"[390, 450]",753541448,0.5567651800396517,0.5572659350389868,True
395,396,396,celegans2,0.98,0.05,moslin,abpxp,mean,"[390, 450]",360726950,0.9548908590023951,0.9519882190133678,True
396,397,397,celegans2,0.98,0.1,moslin,precise,mean,"[390, 450]",772707992,0.874141476704964,0.875812916973622,True
397,398,398,celegans2,0.98,0.1,moslin,abpxp,mean,"[390, 450]",150681925,0.9789172945061526,0.9776446921227593,True
398,399,399,celegans2,0.98,0.5,moslin,precise,mean,"[390, 450]",353139219,0.9860425293924894,0.986070002676802,True
399,400,400,celegans2,0.98,0.5,moslin,abpxp,mean,"[390, 450]",247978346,0.9959987483636291,0.99576586866991,True
400,401,401,celegans2,0.01,0.001,moslin,precise,mean,"[450, 510]",95025101,0.25731616795053003,0.2754279789432101,False
401,402,402,celegans2,0.01,0.001,moslin,abpxp,mean,"[450, 510]",79233676,0.311961363667177,0.3555695907941798,False
402,403,403,celegans2,0.01,0.01,moslin,precise,mean,"[450, 510]",449426474,0.2731552967448537,0.26941531122843637,False
403,404,404,celegans2,0.01,0.01,moslin,abpxp,mean,"[450, 510]",542108382,0.31441160155171166,0.3244654462473427,False
404,405,405,celegans2,0.01,0.05,moslin,precise,mean,"[450, 510]",874639687,0.2637994464999509,0.25797501717804294,False
405,406,406,celegans2,0.01,0.05,moslin,abpxp,mean,"[450, 510]",907331398,0.3087017600739452,0.315882390163785,False
406,407,407,celegans2,0.01,0.1,moslin,precise,mean,"[450, 510]",240140929,0.2612538428866776,0.25448573662377505,False
407,408,408,celegans2,0.01,0.1,moslin,abpxp,mean,"[450, 510]",573528406,0.308193930772025,0.3132659955716697,False
408,409,409,celegans2,0.01,0.5,moslin,precise,mean,"[450, 510]",433655293,0.24280430375770012,0.23683946943964151,False
409,410,410,celegans2,0.01,0.5,moslin,abpxp,mean,"[450, 510]",58403059,0.2942351722503049,0.29841324018775517,True
410,411,411,celegans2,0.1,0.001,moslin,precise,mean,"[450, 510]",728456664,0.2711467704558472,0.26732718765467056,False
411,412,412,celegans2,0.1,0.001,moslin,abpxp,mean,"[450, 510]",173878872,0.3130574801700792,0.3235324182317219,False
412,413,413,celegans2,0.1,0.01,moslin,precise,mean,"[450, 510]",297784497,0.26040837309458753,0.2536602203020143,False
413,414,414,celegans2,0.1,0.01,moslin,abpxp,mean,"[450, 510]",339260721,0.30778351858756303,0.31289190400092215,False
414,415,415,celegans2,0.1,0.05,moslin,precise,mean,"[450, 510]",579062975,0.23982362228982498,0.23455841486343904,False
415,416,416,celegans2,0.1,0.05,moslin,abpxp,mean,"[450, 510]",140034217,0.2920989685506996,0.29643509438381754,True
416,417,417,celegans2,0.1,0.1,moslin,precise,mean,"[450, 510]",344301779,0.22060872135378357,0.21720887966768648,True
417,418,418,celegans2,0.1,0.1,moslin,abpxp,mean,"[450, 510]",996588254,0.27343893595120466,0.27826787659077934,True
418,419,419,celegans2,0.1,0.5,moslin,precise,mean,"[450, 510]",270693478,0.149187253407,0.1524864011171876,True
419,420,420,celegans2,0.1,0.5,moslin,abpxp,mean,"[450, 510]",358887407,0.2185516042963164,0.21789233990221282,True
420,421,421,celegans2,0.25,0.001,moslin,precise,mean,"[450, 510]",304237220,0.2627274222626701,0.25362863298093163,False
421,422,422,celegans2,0.25,0.001,moslin,abpxp,mean,"[450, 510]",701210495,0.30753217509505837,0.31643373801597585,False
422,423,423,celegans2,0.25,0.01,moslin,precise,mean,"[450, 510]",484078764,0.24752526951393897,0.24187286404564134,False
423,424,424,celegans2,0.25,0.01,moslin,abpxp,mean,"[450, 510]",667796196,0.299078527632003,0.304018361830692,True
424,425,425,celegans2,0.25,0.05,moslin,precise,mean,"[450, 510]",779041902,0.2018117529914887,0.20094432559590214,True
425,426,426,celegans2,0.25,0.05,moslin,abpxp,mean,"[450, 510]",153681430,0.25694019142827923,0.26241540083621845,True
426,427,427,celegans2,0.25,0.1,moslin,precise,mean,"[450, 510]",12772835,0.1674574808474787,0.16967190652539627,True
427,428,428,celegans2,0.25,0.1,moslin,abpxp,mean,"[450, 510]",989071785,0.22846112390614692,0.23200069486640876,True
428,429,429,celegans2,0.25,0.5,moslin,precise,mean,"[450, 510]",975897203,0.1999875023246374,0.19830240476415192,True
429,430,430,celegans2,0.25,0.5,moslin,abpxp,mean,"[450, 510]",744279376,0.31311467593051895,0.29576011234022986,True
430,431,431,celegans2,0.5,0.001,moslin,precise,mean,"[450, 510]",170901034,0.25631085863050207,0.2475566863004249,False
431,432,432,celegans2,0.5,0.001,moslin,abpxp,mean,"[450, 510]",614326611,0.2963963910274227,0.3065112649834577,False
432,433,433,celegans2,0.5,0.01,moslin,precise,mean,"[450, 510]",880295887,0.21724333281494237,0.21396876363934805,False
433,434,434,celegans2,0.5,0.01,moslin,abpxp,mean,"[450, 510]",65646544,0.2644421006898181,0.27586145399253686,True
434,435,435,celegans2,0.5,0.05,moslin,precise,mean,"[450, 510]",60560286,0.1403844992335264,0.1437928332986502,True
435,436,436,celegans2,0.5,0.05,moslin,abpxp,mean,"[450, 510]",257513411,0.21060189387399142,0.2132926637023795,True
436,437,437,celegans2,0.5,0.1,moslin,precise,mean,"[450, 510]",781742060,0.13359010439480754,0.13555877517650172,True
437,438,438,celegans2,0.5,0.1,moslin,abpxp,mean,"[450, 510]",309748754,0.23373824620408476,0.22560304251568167,True
438,439,439,celegans2,0.5,0.5,moslin,precise,mean,"[450, 510]",243485411,0.5288625522635176,0.5204215213744359,True
439,440,440,celegans2,0.5,0.5,moslin,abpxp,mean,"[450, 510]",677822705,0.6491283120920409,0.6326974063951664,True
440,441,441,celegans2,0.75,0.001,moslin,precise,mean,"[450, 510]",390567185,0.24093400314103064,0.22676636985135404,True
441,442,442,celegans2,0.75,0.001,moslin,abpxp,mean,"[450, 510]",662162427,0.2737075953474564,0.2859342769432122,False
442,443,443,celegans2,0.75,0.01,moslin,precise,mean,"[450, 510]",351669114,0.15779911614983666,0.15607176442855134,True
443,444,444,celegans2,0.75,0.01,moslin,abpxp,mean,"[450, 510]",529520087,0.20282229177157418,0.2140858219385804,True
444,445,445,celegans2,0.75,0.05,moslin,precise,mean,"[450, 510]",330824332,0.1275525098752015,0.12601358518892863,True
445,446,446,celegans2,0.75,0.05,moslin,abpxp,mean,"[450, 510]",597578695,0.2621952237907693,0.2503442488762484,True
446,447,447,celegans2,0.75,0.1,moslin,precise,mean,"[450, 510]",30775236,0.2761062034510837,0.26614295941723204,True
447,448,448,celegans2,0.75,0.1,moslin,abpxp,mean,"[450, 510]",525874518,0.46138994965071467,0.4413249992667134,True
448,449,449,celegans2,0.75,0.5,moslin,precise,mean,"[450, 510]",809158360,0.8254151670226809,0.8202023097470121,True
449,450,450,celegans2,0.75,0.5,moslin,abpxp,mean,"[450, 510]",137344912,0.8974613028701995,0.891752630480949,True
450,451,451,celegans2,0.9,0.001,moslin,precise,mean,"[450, 510]",787738606,0.2212740395637984,0.2095342516454407,True
451,452,452,celegans2,0.9,0.001,moslin,abpxp,mean,"[450, 510]",461290896,0.24673004877742974,0.26165798261051654,True
452,453,453,celegans2,0.9,0.01,moslin,precise,mean,"[450, 510]",689663315,0.09652804001890337,0.09956200430542636,True
453,454,454,celegans2,0.9,0.01,moslin,abpxp,mean,"[450, 510]",230405021,0.1458278152682263,0.15327418037879179,True
454,455,455,celegans2,0.9,0.05,moslin,precise,mean,"[450, 510]",65240133,0.2843481326259897,0.2680647030163375,True
455,456,456,celegans2,0.9,0.05,moslin,abpxp,mean,"[450, 510]",90933143,0.5878934271262858,0.5706645579498812,True
456,457,457,celegans2,0.9,0.1,moslin,precise,mean,"[450, 510]",243225637,0.6233003612727794,0.6143287544776738,True
457,458,458,celegans2,0.9,0.1,moslin,abpxp,mean,"[450, 510]",708090898,0.808279261132982,0.7988163483817453,True
458,459,459,celegans2,0.9,0.5,moslin,precise,mean,"[450, 510]",917857793,0.938903207652996,0.9367599451443271,True
459,460,460,celegans2,0.9,0.5,moslin,abpxp,mean,"[450, 510]",234104927,0.9697426626153149,0.9679143137580724,True
460,461,461,celegans2,0.95,0.001,moslin,precise,mean,"[450, 510]",204845391,0.1868391418586838,0.18104097186981538,True
461,462,462,celegans2,0.95,0.001,moslin,abpxp,mean,"[450, 510]",241175295,0.21424067929592486,0.23196214348873376,True
462,463,463,celegans2,0.95,0.01,moslin,precise,mean,"[450, 510]",110781226,0.07141265983368336,0.07259333851280168,True
463,464,464,celegans2,0.95,0.01,moslin,abpxp,mean,"[450, 510]",890891298,0.15207418233508976,0.15350169348676784,True
464,465,465,celegans2,0.95,0.05,moslin,precise,mean,"[450, 510]",598975567,0.47224187947599805,0.45485749888297095,True
465,466,466,celegans2,0.95,0.05,moslin,abpxp,mean,"[450, 510]",242094432,0.811886895433768,0.8030391785963321,True
466,467,467,celegans2,0.95,0.1,moslin,precise,mean,"[450, 510]",403055433,0.7907990744926491,0.7842799379029605,True
467,468,468,celegans2,0.95,0.1,moslin,abpxp,mean,"[450, 510]",474948429,0.9192396084971394,0.9147727401357844,True
468,469,469,celegans2,0.95,0.5,moslin,precise,mean,"[450, 510]",112634119,0.9684763289969057,0.9672671961821234,True
469,470,470,celegans2,0.95,0.5,moslin,abpxp,mean,"[450, 510]",385462039,0.9860744754737442,0.9852331555245072,True
470,471,471,celegans2,0.98,0.001,moslin,precise,mean,"[450, 510]",137334235,0.12972462022493297,0.1316350560718336,True
471,472,472,celegans2,0.98,0.001,moslin,abpxp,mean,"[450, 510]",631572380,0.1599425005961433,0.1768501426874744,True
472,473,473,celegans2,0.98,0.01,moslin,precise,mean,"[450, 510]",374923793,0.0646187426392299,0.06073829732598386,True
473,474,474,celegans2,0.98,0.01,moslin,abpxp,mean,"[450, 510]",548074291,0.29986079736444776,0.300041171221842,True
474,475,475,celegans2,0.98,0.05,moslin,precise,mean,"[450, 510]",182772469,0.6747812908134231,0.664818234143447,True
475,476,476,celegans2,0.98,0.05,moslin,abpxp,mean,"[450, 510]",254289919,0.9356486483198692,0.9323296501834512,True
476,477,477,celegans2,0.98,0.1,moslin,precise,mean,"[450, 510]",339260986,0.8959933887532178,0.8920629766556928,True
477,478,478,celegans2,0.98,0.1,moslin,abpxp,mean,"[450, 510]",325199103,0.970778651083718,0.9691299636035225,True
478,479,479,celegans2,0.98,0.5,moslin,precise,mean,"[450, 510]",962988566,0.9845926086939013,0.9839252968138718,True
479,480,480,celegans2,0.98,0.5,moslin,abpxp,mean,"[450, 510]",856350959,0.9945636679343178,0.9942468177562263,True
480,481,481,celegans2,,0.001,lot,precise,mean,"[170, 210]",936022028,0.37818586019167577,0.37845867374015074,True
481,482,482,celegans2,,0.001,lot,abpxp,mean,"[170, 210]",233270733,0.9915074603577786,0.7928478456266357,True
482,483,483,celegans2,,0.01,lot,precise,mean,"[170, 210]",384535445,0.324938146683877,0.3400073200017868,True
483,484,484,celegans2,,0.01,lot,abpxp,mean,"[170, 210]",170949914,0.8977522738699231,0.7321384456129187,True
484,485,485,celegans2,,0.05,lot,precise,mean,"[170, 210]",64810024,0.35112411805633015,0.36918654881887664,True
485,486,486,celegans2,,0.05,lot,abpxp,mean,"[170, 210]",484540363,0.8084494648249667,0.7124235776610789,True
486,487,487,celegans2,,0.1,lot,precise,mean,"[170, 210]",659792504,0.4099351537810662,0.42123606771039757,True
487,488,488,celegans2,,0.1,lot,abpxp,mean,"[170, 210]",439801808,0.833069580687824,0.7764396002552777,True
488,489,489,celegans2,,0.5,lot,precise,mean,"[170, 210]",24763524,0.7179896089435838,0.7392258968538564,True
489,490,490,celegans2,,0.5,lot,abpxp,mean,"[170, 210]",71607256,0.9426610789060889,0.9450490679249601,True
490,491,491,celegans2,,0.001,lot,precise,mean,"[210, 270]",335062072,0.42543753324109446,0.3980182211999666,True
491,492,492,celegans2,,0.001,lot,abpxp,mean,"[210, 270]",127662133,0.6681822018285987,0.5424075356896569,True
492,493,493,celegans2,,0.01,lot,precise,mean,"[210, 270]",798647773,0.3537102070068176,0.3483878433311343,True
493,494,494,celegans2,,0.01,lot,abpxp,mean,"[210, 270]",968537020,0.6124817379287626,0.5125957566970296,True
494,495,495,celegans2,,0.05,lot,precise,mean,"[210, 270]",449982165,0.30995525961084897,0.32280823153099203,True
495,496,496,celegans2,,0.05,lot,abpxp,mean,"[210, 270]",669772337,0.554655500386283,0.5151943571395224,True
496,497,497,celegans2,,0.1,lot,precise,mean,"[210, 270]",166197037,0.39913105341260463,0.42106820055406596,True
497,498,498,celegans2,,0.1,lot,abpxp,mean,"[210, 270]",853737329,0.587700938602159,0.5897266872503574,True
498,499,499,celegans2,,0.5,lot,precise,mean,"[210, 270]",495947597,0.8198098680638581,0.840003355566638,True
499,500,500,celegans2,,0.5,lot,abpxp,mean,"[210, 270]",551234661,0.8486253940745463,0.8698608357645009,True
500,501,501,celegans2,,0.001,lot,precise,mean,"[270, 330]",474927172,0.5067795974787455,0.40491265489208467,True
501,502,502,celegans2,,0.001,lot,abpxp,mean,"[270, 330]",138990565,0.6999342930818163,0.5944567732227747,True
502,503,503,celegans2,,0.01,lot,precise,mean,"[270, 330]",969619984,0.4072485140031583,0.3358752489902195,True
503,504,504,celegans2,,0.01,lot,abpxp,mean,"[270, 330]",188922439,0.5817599965963158,0.509441788244377,True
504,505,505,celegans2,,0.05,lot,precise,mean,"[270, 330]",860068981,0.27526630918506245,0.2599337852865701,True
505,506,506,celegans2,,0.05,lot,abpxp,mean,"[270, 330]",999015099,0.3997399187035817,0.3995950063325147,True
506,507,507,celegans2,,0.1,lot,precise,mean,"[270, 330]",994835933,0.3329711672839669,0.339421765701139,True
507,508,508,celegans2,,0.1,lot,abpxp,mean,"[270, 330]",201856855,0.43303262655461044,0.4674148662006869,True
508,509,509,celegans2,,0.5,lot,precise,mean,"[270, 330]",418393125,0.7826471050919546,0.7903928543493042,True
509,510,510,celegans2,,0.5,lot,abpxp,mean,"[270, 330]",992109584,0.8566599607062736,0.8757818372340884,True
510,511,511,celegans2,,0.001,lot,precise,mean,"[330, 390]",882182465,0.3156157193901862,0.32623990765946165,True
511,512,512,celegans2,,0.001,lot,abpxp,mean,"[330, 390]",80205572,0.8011621930327971,0.716873788552258,True
512,513,513,celegans2,,0.01,lot,precise,mean,"[330, 390]",228865809,0.22689127706321394,0.23964039442812426,True
513,514,514,celegans2,,0.01,lot,abpxp,mean,"[330, 390]",88570019,0.6716360685544955,0.5945740830535706,True
514,515,515,celegans2,,0.05,lot,precise,mean,"[330, 390]",38752892,0.24731158991793192,0.278516053048464,True
515,516,516,celegans2,,0.05,lot,abpxp,mean,"[330, 390]",496486901,0.5969906050350055,0.5394833832366892,True
516,517,517,celegans2,,0.1,lot,precise,mean,"[330, 390]",193954306,0.3826883820058213,0.42474762211887396,True
517,518,518,celegans2,,0.1,lot,abpxp,mean,"[330, 390]",492337131,0.6714220232636565,0.6336508000847628,True
518,519,519,celegans2,,0.5,lot,precise,mean,"[330, 390]",6392160,0.7955466434616332,0.815854948911569,True
519,520,520,celegans2,,0.5,lot,abpxp,mean,"[330, 390]",154617756,0.9251526107997587,0.9166247361763874,True
520,521,521,celegans2,,0.001,lot,precise,mean,"[390, 450]",898403876,0.3075480790531675,0.2590057099691052,True
521,522,522,celegans2,,0.001,lot,abpxp,mean,"[390, 450]",568752373,0.4737767445692223,0.3487357574243216,True
522,523,523,celegans2,,0.01,lot,precise,mean,"[390, 450]",476764511,0.2456593047681565,0.21147309269484532,True
523,524,524,celegans2,,0.01,lot,abpxp,mean,"[390, 450]",186399311,0.4176433039170923,0.3070166762431197,True
524,525,525,celegans2,,0.05,lot,precise,mean,"[390, 450]",37190006,0.14421999373902408,0.13360448185343982,True
525,526,526,celegans2,,0.05,lot,abpxp,mean,"[390, 450]",23933633,0.3256887396029819,0.24752932160263394,True
526,527,527,celegans2,,0.1,lot,precise,mean,"[390, 450]",231155452,0.1551651022422899,0.1542604379924856,True
527,528,528,celegans2,,0.1,lot,abpxp,mean,"[390, 450]",821757833,0.35500409077470785,0.29732612428077687,True
528,529,529,celegans2,,0.5,lot,precise,mean,"[390, 450]",541376588,0.6285641088477866,0.633138721582567,True
529,530,530,celegans2,,0.5,lot,abpxp,mean,"[390, 450]",401841523,0.7499229058946176,0.7379352639324493,True
530,531,531,celegans2,,0.001,lot,precise,mean,"[450, 510]",186171682,0.2535152804585271,0.24976972108604328,True
531,532,532,celegans2,,0.001,lot,abpxp,mean,"[450, 510]",58122404,0.2931443453565263,0.30728412425912216,True
532,533,533,celegans2,,0.01,lot,precise,mean,"[450, 510]",148632547,0.21229981413775895,0.21425348128035268,True
533,534,534,celegans2,,0.01,lot,abpxp,mean,"[450, 510]",453486847,0.2564662774528613,0.2707689061194027,True
534,535,535,celegans2,,0.05,lot,precise,mean,"[450, 510]",382513608,0.13336319951435102,0.1424786712966284,True
535,536,536,celegans2,,0.05,lot,abpxp,mean,"[450, 510]",172786013,0.19769085197290934,0.20534469816526307,True
536,537,537,celegans2,,0.1,lot,precise,mean,"[450, 510]",739383095,0.13334979909612585,0.14240259888565152,True
537,538,538,celegans2,,0.1,lot,abpxp,mean,"[450, 510]",88087190,0.21966348525990087,0.21849238657589254,True
538,539,539,celegans2,,0.5,lot,precise,mean,"[450, 510]",96464445,0.5311382055093555,0.5280710635069097,True
539,540,540,celegans2,,0.5,lot,abpxp,mean,"[450, 510]",831983871,0.636052160594414,0.6268030740023303,True
